{"Resultado": true, "Probabilidad": 1.298609214890616, "Exactitud": 0.8840169731258747}