{"Prediccion": 1, "PrecisionVerdadera": 0.7246376811594203, "PrecisionFalso": 0.7901234567901234}